{"sc_x_mean":{"0":91.6574654956,"1":-81.0331291842,"2":11.2675887099,"3":91.5727728984},"sc_x_std":{"0":115.2014719691,"1":220.3223956129,"2":254.3554255679,"3":112.5811029646}}